<?xml version="1.0" encoding="UTF-8"?>
<project-private xmlns="http://www.netbeans.org/ns/project-private/1">
    <editor-bookmarks xmlns="http://www.netbeans.org/ns/editor-bookmarks/2" lastBookmarkId="0"/>
    <open-files xmlns="http://www.netbeans.org/ns/projectui-open-files/2">
        <group>
            <file>file:/C:/Users/loren/OneDrive/Documents/NetBeansProjects/rc-pta-prog5121-bib-gr04-poe-T8864-main/ST10481162/src/qucikchat1/QuickChat1.java</file>
            <file>file:/C:/Users/loren/OneDrive/Documents/NetBeansProjects/rc-pta-prog5121-bib-gr04-poe-T8864-main/ST10481162/src/qucikchat1/main.java</file>
            <file>file:/C:/Users/loren/OneDrive/Documents/NetBeansProjects/rc-pta-prog5121-bib-gr04-poe-T8864-main/ST10481162/test/qucikchat1/MessageNGTest.java</file>
            <file>file:/C:/Users/loren/OneDrive/Documents/NetBeansProjects/rc-pta-prog5121-bib-gr04-poe-T8864-main/ST10481162/src/qucikchat1/Message.java</file>
        </group>
    </open-files>
</project-private>
